{"cameraMode":{"drawMode":0,"name":"Shaded","section":"Shading Mode"},"sceneLighting":true,"audioPlay":false,"sceneViewState":{"showFog":true,"showMaterialUpdate":true,"showSkybox":true,"showFlares":true,"showImageEffects":true,"showParticleSystems":true},"in2DMode":false,"pivot":{"x":45.2354736328125,"y":-3.1161575317382814,"z":-38.75922393798828},"rotation":{"x":-0.14505663514137269,"y":0.7372194528579712,"z":-0.16758714616298676,"w":-0.6382638216018677},"size":36.75814437866211,"orthographic":false}